Nom,Date de création,Traduction par l’IA,Étiquettes
"Bague acier inoxydable et bois , réglable.  25€ .dispo 1",9 novembre 2025 23:51,,
"Bague acier inoxydable, résine marron, réglable. 25€",9 novembre 2025 23:52,,
"Bague acier inoxydable, resine bleue, réglable, 25€.",9 novembre 2025 23:53,,
"Bague acier inoxydable, resine léopard, réglage, 25€.",9 novembre 2025 23:54,,
"Bague acier inoxydable, 3 cristaux, brun, blanc,et ambre réglable. 29€",9 novembre 2025 23:54,,
"Bague acier, 3 cristaux, vert jade,émeraude, réglable, 29€",9 novembre 2025 23:54,,
"Bague acier inoxydable, 3 cristaux, noir,gris, blanc, 29€",9 novembre 2025 23:55,,
"Bague acier inoxydable doré,  réglable, 25€",9 novembre 2025 23:56,,
"Bague acier doré, réglable 25€",9 novembre 2025 23:56,,
"Bague acier inoxydable doré,  réglable 25€",9 novembre 2025 23:56,,
"Bague acier inoxydable et cristaux, verts, réglable, 32€",9 novembre 2025 23:56,,
"Bague acier inoxydable doré, cristaux jaune, vert, blanc, réglable, 32€",10 novembre 2025 00:00,,
"Bague acier inoxydable doré, cristaux bleus, réglable,  32€",10 novembre 2025 00:00,,
"Boucles d'oreilles acier inoxydable, cristaux, 32€",10 novembre 2025 00:01,,
"Bague acier inoxydable, cristal.25€",10 novembre 2025 00:02,,
"Bague acier inoxydable, cristaux 32€",10 novembre 2025 00:02,,
"Bracelet acier inoxydable doré, pampilles fleur, 29€",10 novembre 2025 00:03,,
"Bague madonne, acier inoxydable doré, réglable, 29€",10 novembre 2025 00:04,,
"Bague madonne acier inoxydable doré, réglable 25€",10 novembre 2025 00:05,,
"Bague acier inoxydable doré, fleur,  25€",10 novembre 2025 00:05,,
"Bagues acier inoxydable, fleur résine,  réglable,  22€",10 novembre 2025 00:06,,
"Boucles d'oreilles acier inoxydable, acétate léopard. 29€",10 novembre 2025 00:07,,
"Boucles d'oreilles acier inoxydable et acétate,  39€",10 novembre 2025 00:08,,
"Boucles d'oreilles acier inoxydable et acétate, 39€",10 novembre 2025 00:08,,
Boucles d'oreilles acier inoxydable et acétate 39€,10 novembre 2025 00:08,,
"Bague acier inoxydable et turquoise africaine, réglable 39€",10 novembre 2025 00:09,,
"Bague acier inoxydable et œil de tigre, réglable,  39€",10 novembre 2025 00:09,,
Boucles d'oreilles acier inoxydable doré et acétate. 39€,10 novembre 2025 00:09,,
Boucles d'oreilles acier  inoxydable doré et acétate 32€,10 novembre 2025 00:10,,
"Bracelet acier doré pampilles fleur, 29€",10 novembre 2025 00:10,,
"Création - Bracelets chaîne acier inoxydable, perles argent plaqué or, pierres semi précieuse, pièce unique.",10 novembre 2025 20:51,,
"Création - Bracelets chaîne acier inoxydable, perles argent plaqué or, pierres semi précieuse, pièce unique. Agate verte - 25€",10 novembre 2025 21:10,,
"Création - Bracelets chaîne acier inoxydable, perles argent plaqué or, pierres semi précieuse, pièce unique. Turquoise africaine - 25€",10 novembre 2025 21:11,,
"Gold stone - 25€ Création - Bracelets chaîne acier inoxydable, perles argent plaqué or, pierres semi précieuse, pièce unique.",10 novembre 2025 21:12,,
"Agate - 25€ Création - Bracelets chaîne acier inoxydable, perles argent plaqué or, pierres semi précieuse, pièce unique.",10 novembre 2025 21:12,,
"Unakite - 25€ Création - Bracelets chaîne acier inoxydable, perles argent plaqué or, pierres semi précieuse, pièce unique.",10 novembre 2025 21:12,,
"Lapis lazuli - 25€ - Les créations,  bracelets doubles rang,  pierres semi précieuses ,perles argent plaqué or, acier. Longueur 16 cm, chaîne d extension 5,5 cm",10 novembre 2025 21:16,,
"Lapis lazuli - 25€ Création - Bracelets chaîne acier inoxydable, perles argent plaqué or, pierres semi précieuse, pièce unique.",10 novembre 2025 21:41,,
"Les créations,  bracelets doubles rang,  pierres semi précieuses ,perles argent plaqué or, acier. Longueur 16 cm, chaîne d extension 5,5 cm",10 novembre 2025 21:42,,
"Agate et peridot - 39€ -Les créations,  bracelets doubles rang,  pierres semi précieuses ,perles argent plaqué or, acier. Longueur 16 cm, chaîne d extension 5,5 cm",10 novembre 2025 21:43,,
"Quartz et pierre de lune - 39€ - Les créations,  bracelets doubles rang,  pierres semi précieuses ,perles argent plaqué or, acier. Longueur 16 cm, chaîne d extension 5,5 cm",10 novembre 2025 21:43,,
"Grenat et pierre de lune - 39€ - Les créations,  bracelets doubles rang,  pierres semi précieuses ,perles argent plaqué or, acier. Longueur 16 cm, chaîne d extension 5,5 cm",10 novembre 2025 21:44,,
"Tourmaline et aventurine - 39€ - Les créations,  bracelets doubles rang,  pierres semi précieuses ,perles argent plaqué or, acier. Longueur 16 cm, chaîne d extension 5,5 cm",10 novembre 2025 21:45,,